<metadata xml:lang="en"><Esri><CreaDate>20230104</CreaDate><CreaTime>10481500</CreaTime><ArcGISFormat>1.0</ArcGISFormat><SyncOnce>FALSE</SyncOnce><RematchLocator>GeocodeServices/MD_AddressPointLocator<Category Locator="Review">Address</Category><Description Locator="Review">::</Description><OutColumns Locator="Review">Shape</OutColumns><OutColumns Locator="Review">Score</OutColumns><OutColumns Locator="Review">Match_addr</OutColumns><OutColumns Locator="Review">Addr_type</OutColumns><OutColumns Locator="Review">AddNum</OutColumns><OutColumns Locator="Review">Side</OutColumns><OutColumns Locator="Review">StPreDir</OutColumns><OutColumns Locator="Review">StPreType</OutColumns><OutColumns Locator="Review">StName</OutColumns><OutColumns Locator="Review">StType</OutColumns><OutColumns Locator="Review">StDir</OutColumns><OutColumns Locator="Review">StAddr</OutColumns><OutColumns Locator="Review">City</OutColumns><OutColumns Locator="Review">County</OutColumns><OutColumns Locator="Review">State</OutColumns><OutColumns Locator="Review">StateAbbr</OutColumns><OutColumns Locator="Review">ZIP</OutColumns><OutColumns Locator="Review">ZIP4</OutColumns><OutColumns Locator="Review">X</OutColumns><OutColumns Locator="Review">Y</OutColumns><OutColumns Locator="Review">DisplayX</OutColumns><OutColumns Locator="Review">DisplayY</OutColumns><OutColumns Locator="Review">Xmin</OutColumns><OutColumns Locator="Review">Xmax</OutColumns><OutColumns Locator="Review">Ymin</OutColumns><OutColumns Locator="Review">Ymax</OutColumns><OutColumns Locator="Review">Status</OutColumns><OutKeyColumns Locator="Review">::</OutKeyColumns><OutTable Locator="Review">::</OutTable><InColumns Locator="Review">IN_Street</InColumns><InColumns Locator="Review">IN_City</InColumns><InColumns Locator="Review">IN_State</InColumns><InColumns Locator="Review">IN_ZIP</InColumns><InKeyColumns Locator="Review">::</InKeyColumns><InTable Locator="Review">::</InTable><UseMultithreading Locator="Review">True</UseMultithreading><CLSID Locator="Review">{47A9F8CE-597B-11D5-9BE2-000000000000}</CLSID><capabilities Locator="Review">::</capabilities><ServerObjectURL Locator="Review">https://geodata.md.gov/imap/services/GeocodeServices/MD_AddressPointLocator/GeocodeServer</ServerObjectURL><ServerObjectName Locator="Review">GeocodeServices/MD_AddressPointLocator</ServerObjectName><ServerObjectType Locator="Review">GeocodeServer</ServerObjectType><ServerConnectionURL Locator="Review">https://geodata.md.gov/imap/services</ServerConnectionURL><ServerConnectionUser Locator="Review">::</ServerConnectionUser><ConnectionFile Locator="Review">C:\Users\somaille\Blue Water Baltimore\Home - Documents\Maps\ForestryGIS_Files\ArcGIS_for_BWB\Restoration\Trees\services on geodata.md.gov.ags</ConnectionFile><ServerConnectionMode Locator="Review">0</ServerConnectionMode><ServerType Locator="Review">1</ServerType><MinimumMatchScore Locator="Review">93</MinimumMatchScore><MinimumCandidateScore Locator="Review">75</MinimumCandidateScore></RematchLocator><DataProperties><lineage><Process ToolSource="c:\users\somaille\appdata\local\programs\arcgis\pro\Resources\ArcToolbox\toolboxes\Geocoding Tools.tbx\GeocodeAddresses" Date="20230104" Time="104815">GeocodeAddresses "C:\Users\somaille\Blue Water Baltimore\Home - Documents\Forestry\Restoration_Projects\Programs\Tree_Giveaways\Data\2022_Data\FA2022\FinalTreeGiveawayData_F22CSV.csv" "C:\Users\somaille\Blue Water Baltimore\Home - Documents\Maps\ForestryGIS_Files\ArcGIS_for_BWB\Restoration\Trees\services on geodata.md.gov.ags\GeocodeServices\MD_AddressPointLocator.GeocodeServer" "'Street or Intersection' St_Address VISIBLE NONE;'City or Placename' City_1 VISIBLE NONE;State State VISIBLE NONE;'ZIP Code' ZIP VISIBLE NONE" "C:\Users\somaille\Blue Water Baltimore\Home - Documents\Maps\ForestryGIS_Files\ArcGIS_for_BWB\Restoration\FA22\FA22.gdb\FinalTreeGiveawayFA22" STATIC # # # #</Process><Process ToolSource="c:\users\somaille\appdata\local\programs\arcgis\pro\Resources\ArcToolbox\toolboxes\Data Management Tools.tbx\Append" Date="20230104" Time="122715">Append FinalTreeGivea_GeocodeAddres2 FinalTreeGiveawayFA22 "Use the field map to reconcile field differences" "Score "Score" true true false 8 Double 0 0,First,#,C:\Users\somaille\Blue Water Baltimore\Home - Documents\Maps\ForestryGIS_Files\ArcGIS_for_BWB\Restoration\FA22\FA22.gdb\FinalTreeGivea_GeocodeAddres2,Score,-1,-1;Match_type "Match_type" true true false 2 Text 0 0,First,#,C:\Users\somaille\Blue Water Baltimore\Home - Documents\Maps\ForestryGIS_Files\ArcGIS_for_BWB\Restoration\FA22\FA22.gdb\FinalTreeGivea_GeocodeAddres2,Match_type,0,2;Match_addr "Match_addr" true true false 120 Text 0 0,First,#,C:\Users\somaille\Blue Water Baltimore\Home - Documents\Maps\ForestryGIS_Files\ArcGIS_for_BWB\Restoration\FA22\FA22.gdb\FinalTreeGivea_GeocodeAddres2,Match_addr,0,500;Addr_type "Addr_type" true true false 20 Text 0 0,First,#,C:\Users\somaille\Blue Water Baltimore\Home - Documents\Maps\ForestryGIS_Files\ArcGIS_for_BWB\Restoration\FA22\FA22.gdb\FinalTreeGivea_GeocodeAddres2,Addr_type,0,20;AddNum "AddNum" true true false 12 Text 0 0,First,#,C:\Users\somaille\Blue Water Baltimore\Home - Documents\Maps\ForestryGIS_Files\ArcGIS_for_BWB\Restoration\FA22\FA22.gdb\FinalTreeGivea_GeocodeAddres2,AddNum,0,50;Side "Side" true true false 1 Text 0 0,First,#,C:\Users\somaille\Blue Water Baltimore\Home - Documents\Maps\ForestryGIS_Files\ArcGIS_for_BWB\Restoration\FA22\FA22.gdb\FinalTreeGivea_GeocodeAddres2,Side,0,1;StPreDir "StPreDir" true true false 20 Text 0 0,First,#,C:\Users\somaille\Blue Water Baltimore\Home - Documents\Maps\ForestryGIS_Files\ArcGIS_for_BWB\Restoration\FA22\FA22.gdb\FinalTreeGivea_GeocodeAddres2,StPreDir,0,5;StPreType "StPreType" true true false 20 Text 0 0,First,#,C:\Users\somaille\Blue Water Baltimore\Home - Documents\Maps\ForestryGIS_Files\ArcGIS_for_BWB\Restoration\FA22\FA22.gdb\FinalTreeGivea_GeocodeAddres2,StPreType,0,50;StName "StName" true true false 70 Text 0 0,First,#,C:\Users\somaille\Blue Water Baltimore\Home - Documents\Maps\ForestryGIS_Files\ArcGIS_for_BWB\Restoration\FA22\FA22.gdb\FinalTreeGivea_GeocodeAddres2,StName,0,125;StType "StType" true true false 20 Text 0 0,First,#,C:\Users\somaille\Blue Water Baltimore\Home - Documents\Maps\ForestryGIS_Files\ArcGIS_for_BWB\Restoration\FA22\FA22.gdb\FinalTreeGivea_GeocodeAddres2,StType,0,30;StDir "StDir" true true false 20 Text 0 0,First,#,C:\Users\somaille\Blue Water Baltimore\Home - Documents\Maps\ForestryGIS_Files\ArcGIS_for_BWB\Restoration\FA22\FA22.gdb\FinalTreeGivea_GeocodeAddres2,StDir,0,20;StAddr "StAddr" true true false 120 Text 0 0,First,#,C:\Users\somaille\Blue Water Baltimore\Home - Documents\Maps\ForestryGIS_Files\ArcGIS_for_BWB\Restoration\FA22\FA22.gdb\FinalTreeGivea_GeocodeAddres2,StAddr,0,300;City "City" true true false 70 Text 0 0,First,#,C:\Users\somaille\Blue Water Baltimore\Home - Documents\Maps\ForestryGIS_Files\ArcGIS_for_BWB\Restoration\FA22\FA22.gdb\FinalTreeGivea_GeocodeAddres2,City,0,120;County "County" true true false 70 Text 0 0,First,#,FinalTreeGivea_GeocodeAddres2,USER_County,0,8000;State "State" true true false 100 Text 0 0,First,#,FinalTreeGivea_GeocodeAddres2,USER_State,0,8000;StateAbbr "StateAbbr" true true false 100 Text 0 0,First,#,FinalTreeGivea_GeocodeAddres2,Region,0,120;ZIP "ZIP" true true false 10 Text 0 0,First,#,FinalTreeGivea_GeocodeAddres2,Postal,0,20;ZIP4 "ZIP4" true true false 10 Text 0 0,First,#;X "X" true true false 8 Double 0 0,First,#,C:\Users\somaille\Blue Water Baltimore\Home - Documents\Maps\ForestryGIS_Files\ArcGIS_for_BWB\Restoration\FA22\FA22.gdb\FinalTreeGivea_GeocodeAddres2,X,-1,-1;Y "Y" true true false 8 Double 0 0,First,#,C:\Users\somaille\Blue Water Baltimore\Home - Documents\Maps\ForestryGIS_Files\ArcGIS_for_BWB\Restoration\FA22\FA22.gdb\FinalTreeGivea_GeocodeAddres2,Y,-1,-1;DisplayX "DisplayX" true true false 8 Double 0 0,First,#,C:\Users\somaille\Blue Water Baltimore\Home - Documents\Maps\ForestryGIS_Files\ArcGIS_for_BWB\Restoration\FA22\FA22.gdb\FinalTreeGivea_GeocodeAddres2,DisplayX,-1,-1;DisplayY "DisplayY" true true false 8 Double 0 0,First,#,C:\Users\somaille\Blue Water Baltimore\Home - Documents\Maps\ForestryGIS_Files\ArcGIS_for_BWB\Restoration\FA22\FA22.gdb\FinalTreeGivea_GeocodeAddres2,DisplayY,-1,-1;Xmin "Xmin" true true false 8 Double 0 0,First,#,C:\Users\somaille\Blue Water Baltimore\Home - Documents\Maps\ForestryGIS_Files\ArcGIS_for_BWB\Restoration\FA22\FA22.gdb\FinalTreeGivea_GeocodeAddres2,Xmin,-1,-1;Xmax "Xmax" true true false 8 Double 0 0,First,#,C:\Users\somaille\Blue Water Baltimore\Home - Documents\Maps\ForestryGIS_Files\ArcGIS_for_BWB\Restoration\FA22\FA22.gdb\FinalTreeGivea_GeocodeAddres2,Xmax,-1,-1;Ymin "Ymin" true true false 8 Double 0 0,First,#,C:\Users\somaille\Blue Water Baltimore\Home - Documents\Maps\ForestryGIS_Files\ArcGIS_for_BWB\Restoration\FA22\FA22.gdb\FinalTreeGivea_GeocodeAddres2,Ymin,-1,-1;Ymax "Ymax" true true false 8 Double 0 0,First,#,C:\Users\somaille\Blue Water Baltimore\Home - Documents\Maps\ForestryGIS_Files\ArcGIS_for_BWB\Restoration\FA22\FA22.gdb\FinalTreeGivea_GeocodeAddres2,Ymax,-1,-1;Status "Status" true true false 1 Text 0 0,First,#,C:\Users\somaille\Blue Water Baltimore\Home - Documents\Maps\ForestryGIS_Files\ArcGIS_for_BWB\Restoration\FA22\FA22.gdb\FinalTreeGivea_GeocodeAddres2,Status,0,1;IN_Street "Street or Intersection" true true false 100 Text 0 0,First,#,FinalTreeGivea_GeocodeAddres2,IN_Address,0,100;IN_City "City or Placename" true true false 40 Text 0 0,First,#,C:\Users\somaille\Blue Water Baltimore\Home - Documents\Maps\ForestryGIS_Files\ArcGIS_for_BWB\Restoration\FA22\FA22.gdb\FinalTreeGivea_GeocodeAddres2,IN_City,0,50;IN_State "State" true true false 100 Text 0 0,First,#,FinalTreeGivea_GeocodeAddres2,RegionAbbr,0,50;IN_ZIP "ZIP Code" true true false 10 Text 0 0,First,#,FinalTreeGivea_GeocodeAddres2,Postal,0,20;USER_Tree__Tree_Number "Tree: Tree Number" true true false 8000 Text 0 0,First,#,C:\Users\somaille\Blue Water Baltimore\Home - Documents\Maps\ForestryGIS_Files\ArcGIS_for_BWB\Restoration\FA22\FA22.gdb\FinalTreeGivea_GeocodeAddres2,USER_Tree__Tree_Number,0,8000;USER_Preferred_Tree "Preferred Tree" true true false 8000 Text 0 0,First,#,C:\Users\somaille\Blue Water Baltimore\Home - Documents\Maps\ForestryGIS_Files\ArcGIS_for_BWB\Restoration\FA22\FA22.gdb\FinalTreeGivea_GeocodeAddres2,USER_Preferred_Tree,0,8000;USER_Tree_Order_Date "Tree Order Date" true true false 8 Date 0 0,First,#,C:\Users\somaille\Blue Water Baltimore\Home - Documents\Maps\ForestryGIS_Files\ArcGIS_for_BWB\Restoration\FA22\FA22.gdb\FinalTreeGivea_GeocodeAddres2,USER_Tree_Order_Date,-1,-1;USER_Tree_Campaign "Tree Campaign" true true false 8000 Text 0 0,First,#,C:\Users\somaille\Blue Water Baltimore\Home - Documents\Maps\ForestryGIS_Files\ArcGIS_for_BWB\Restoration\FA22\FA22.gdb\FinalTreeGivea_GeocodeAddres2,USER_Tree_Campaign,0,8000;USER_County "County" true true false 8000 Text 0 0,First,#,C:\Users\somaille\Blue Water Baltimore\Home - Documents\Maps\ForestryGIS_Files\ArcGIS_for_BWB\Restoration\FA22\FA22.gdb\FinalTreeGivea_GeocodeAddres2,USER_County,0,8000;USER_St_Address "St_Address" true true false 8000 Text 0 0,First,#,C:\Users\somaille\Blue Water Baltimore\Home - Documents\Maps\ForestryGIS_Files\ArcGIS_for_BWB\Restoration\FA22\FA22.gdb\FinalTreeGivea_GeocodeAddres2,USER_St_Address,0,8000;USER_City_1 "City_1" true true false 8000 Text 0 0,First,#,C:\Users\somaille\Blue Water Baltimore\Home - Documents\Maps\ForestryGIS_Files\ArcGIS_for_BWB\Restoration\FA22\FA22.gdb\FinalTreeGivea_GeocodeAddres2,USER_City_1,0,8000;USER_State "State" true true false 8000 Text 0 0,First,#,C:\Users\somaille\Blue Water Baltimore\Home - Documents\Maps\ForestryGIS_Files\ArcGIS_for_BWB\Restoration\FA22\FA22.gdb\FinalTreeGivea_GeocodeAddres2,USER_State,0,8000;USER_ZIP "ZIP" true true false 4 Long 0 0,First,#,C:\Users\somaille\Blue Water Baltimore\Home - Documents\Maps\ForestryGIS_Files\ArcGIS_for_BWB\Restoration\FA22\FA22.gdb\FinalTreeGivea_GeocodeAddres2,USER_ZIP,-1,-1;USER_Contact__Phone "Contact: Phone" true true false 8000 Text 0 0,First,#,C:\Users\somaille\Blue Water Baltimore\Home - Documents\Maps\ForestryGIS_Files\ArcGIS_for_BWB\Restoration\FA22\FA22.gdb\FinalTreeGivea_GeocodeAddres2,USER_Contact__Phone,0,8000;USER_Contact__Email "Contact: Email" true true false 8000 Text 0 0,First,#,C:\Users\somaille\Blue Water Baltimore\Home - Documents\Maps\ForestryGIS_Files\ArcGIS_for_BWB\Restoration\FA22\FA22.gdb\FinalTreeGivea_GeocodeAddres2,USER_Contact__Email,0,8000;USER_Contact__First_Name "Contact: First Name" true true false 8000 Text 0 0,First,#,C:\Users\somaille\Blue Water Baltimore\Home - Documents\Maps\ForestryGIS_Files\ArcGIS_for_BWB\Restoration\FA22\FA22.gdb\FinalTreeGivea_GeocodeAddres2,USER_Contact__First_Name,0,8000;USER_Contact__Last_Name "Contact: Last Name" true true false 8000 Text 0 0,First,#,C:\Users\somaille\Blue Water Baltimore\Home - Documents\Maps\ForestryGIS_Files\ArcGIS_for_BWB\Restoration\FA22\FA22.gdb\FinalTreeGivea_GeocodeAddres2,USER_Contact__Last_Name,0,8000" # #</Process><Process ToolSource="c:\users\somaille\appdata\local\programs\arcgis\pro\Resources\ArcToolbox\toolboxes\Conversion Tools.tbx\ExportFeatures" Date="20240209" Time="154520">ExportFeatures "C:\Users\somaille\Blue Water Baltimore\Home - Documents\Forestry\GIS\FA22\FA22.gdb\FinalTreeGiveawayFA22" "C:\Users\somaille\Blue Water Baltimore\Home - Documents\Forestry\Tree_Giveaways\Data\2022_Data\FA2022\FinalTreeGiveawayFA22.shp" # NOT_USE_ALIAS "Score "Score" true true false 8 Double 0 0,First,#,C:\Users\somaille\Blue Water Baltimore\Home - Documents\Forestry\GIS\FA22\FA22.gdb\FinalTreeGiveawayFA22,Score,-1,-1;Match_type "Match_type" true true false 2 Text 0 0,First,#,C:\Users\somaille\Blue Water Baltimore\Home - Documents\Forestry\GIS\FA22\FA22.gdb\FinalTreeGiveawayFA22,Match_type,0,2;Match_addr "Match_addr" true true false 120 Text 0 0,First,#,C:\Users\somaille\Blue Water Baltimore\Home - Documents\Forestry\GIS\FA22\FA22.gdb\FinalTreeGiveawayFA22,Match_addr,0,120;Addr_type "Addr_type" true true false 20 Text 0 0,First,#,C:\Users\somaille\Blue Water Baltimore\Home - Documents\Forestry\GIS\FA22\FA22.gdb\FinalTreeGiveawayFA22,Addr_type,0,20;AddNum "AddNum" true true false 12 Text 0 0,First,#,C:\Users\somaille\Blue Water Baltimore\Home - Documents\Forestry\GIS\FA22\FA22.gdb\FinalTreeGiveawayFA22,AddNum,0,12;Side "Side" true true false 1 Text 0 0,First,#,C:\Users\somaille\Blue Water Baltimore\Home - Documents\Forestry\GIS\FA22\FA22.gdb\FinalTreeGiveawayFA22,Side,0,1;StPreDir "StPreDir" true true false 20 Text 0 0,First,#,C:\Users\somaille\Blue Water Baltimore\Home - Documents\Forestry\GIS\FA22\FA22.gdb\FinalTreeGiveawayFA22,StPreDir,0,20;StPreType "StPreType" true true false 20 Text 0 0,First,#,C:\Users\somaille\Blue Water Baltimore\Home - Documents\Forestry\GIS\FA22\FA22.gdb\FinalTreeGiveawayFA22,StPreType,0,20;StName "StName" true true false 70 Text 0 0,First,#,C:\Users\somaille\Blue Water Baltimore\Home - Documents\Forestry\GIS\FA22\FA22.gdb\FinalTreeGiveawayFA22,StName,0,70;StType "StType" true true false 20 Text 0 0,First,#,C:\Users\somaille\Blue Water Baltimore\Home - Documents\Forestry\GIS\FA22\FA22.gdb\FinalTreeGiveawayFA22,StType,0,20;StDir "StDir" true true false 20 Text 0 0,First,#,C:\Users\somaille\Blue Water Baltimore\Home - Documents\Forestry\GIS\FA22\FA22.gdb\FinalTreeGiveawayFA22,StDir,0,20;StAddr "StAddr" true true false 120 Text 0 0,First,#,C:\Users\somaille\Blue Water Baltimore\Home - Documents\Forestry\GIS\FA22\FA22.gdb\FinalTreeGiveawayFA22,StAddr,0,120;City "City" true true false 70 Text 0 0,First,#,C:\Users\somaille\Blue Water Baltimore\Home - Documents\Forestry\GIS\FA22\FA22.gdb\FinalTreeGiveawayFA22,City,0,70;County "County" true true false 70 Text 0 0,First,#,C:\Users\somaille\Blue Water Baltimore\Home - Documents\Forestry\GIS\FA22\FA22.gdb\FinalTreeGiveawayFA22,County,0,70;State "State" true true false 100 Text 0 0,First,#,C:\Users\somaille\Blue Water Baltimore\Home - Documents\Forestry\GIS\FA22\FA22.gdb\FinalTreeGiveawayFA22,State,0,100;StateAbbr "StateAbbr" true true false 100 Text 0 0,First,#,C:\Users\somaille\Blue Water Baltimore\Home - Documents\Forestry\GIS\FA22\FA22.gdb\FinalTreeGiveawayFA22,StateAbbr,0,100;ZIP "ZIP" true true false 10 Text 0 0,First,#,C:\Users\somaille\Blue Water Baltimore\Home - Documents\Forestry\GIS\FA22\FA22.gdb\FinalTreeGiveawayFA22,ZIP,0,10;ZIP4 "ZIP4" true true false 10 Text 0 0,First,#,C:\Users\somaille\Blue Water Baltimore\Home - Documents\Forestry\GIS\FA22\FA22.gdb\FinalTreeGiveawayFA22,ZIP4,0,10;X "X" true true false 8 Double 0 0,First,#,C:\Users\somaille\Blue Water Baltimore\Home - Documents\Forestry\GIS\FA22\FA22.gdb\FinalTreeGiveawayFA22,X,-1,-1;Y "Y" true true false 8 Double 0 0,First,#,C:\Users\somaille\Blue Water Baltimore\Home - Documents\Forestry\GIS\FA22\FA22.gdb\FinalTreeGiveawayFA22,Y,-1,-1;DisplayX "DisplayX" true true false 8 Double 0 0,First,#,C:\Users\somaille\Blue Water Baltimore\Home - Documents\Forestry\GIS\FA22\FA22.gdb\FinalTreeGiveawayFA22,DisplayX,-1,-1;DisplayY "DisplayY" true true false 8 Double 0 0,First,#,C:\Users\somaille\Blue Water Baltimore\Home - Documents\Forestry\GIS\FA22\FA22.gdb\FinalTreeGiveawayFA22,DisplayY,-1,-1;Xmin "Xmin" true true false 8 Double 0 0,First,#,C:\Users\somaille\Blue Water Baltimore\Home - Documents\Forestry\GIS\FA22\FA22.gdb\FinalTreeGiveawayFA22,Xmin,-1,-1;Xmax "Xmax" true true false 8 Double 0 0,First,#,C:\Users\somaille\Blue Water Baltimore\Home - Documents\Forestry\GIS\FA22\FA22.gdb\FinalTreeGiveawayFA22,Xmax,-1,-1;Ymin "Ymin" true true false 8 Double 0 0,First,#,C:\Users\somaille\Blue Water Baltimore\Home - Documents\Forestry\GIS\FA22\FA22.gdb\FinalTreeGiveawayFA22,Ymin,-1,-1;Ymax "Ymax" true true false 8 Double 0 0,First,#,C:\Users\somaille\Blue Water Baltimore\Home - Documents\Forestry\GIS\FA22\FA22.gdb\FinalTreeGiveawayFA22,Ymax,-1,-1;Status "Status" true true false 1 Text 0 0,First,#,C:\Users\somaille\Blue Water Baltimore\Home - Documents\Forestry\GIS\FA22\FA22.gdb\FinalTreeGiveawayFA22,Status,0,1;IN_Street "Street or Intersection" true true false 100 Text 0 0,First,#,C:\Users\somaille\Blue Water Baltimore\Home - Documents\Forestry\GIS\FA22\FA22.gdb\FinalTreeGiveawayFA22,IN_Street,0,100;IN_City "City or Placename" true true false 40 Text 0 0,First,#,C:\Users\somaille\Blue Water Baltimore\Home - Documents\Forestry\GIS\FA22\FA22.gdb\FinalTreeGiveawayFA22,IN_City,0,40;IN_State "State" true true false 100 Text 0 0,First,#,C:\Users\somaille\Blue Water Baltimore\Home - Documents\Forestry\GIS\FA22\FA22.gdb\FinalTreeGiveawayFA22,IN_State,0,100;IN_ZIP "ZIP Code" true true false 10 Text 0 0,First,#,C:\Users\somaille\Blue Water Baltimore\Home - Documents\Forestry\GIS\FA22\FA22.gdb\FinalTreeGiveawayFA22,IN_ZIP,0,10;USER_Tree__Tree_Number "Tree: Tree Number" true true false 8000 Text 0 0,First,#,C:\Users\somaille\Blue Water Baltimore\Home - Documents\Forestry\GIS\FA22\FA22.gdb\FinalTreeGiveawayFA22,USER_Tree__Tree_Number,0,8000;USER_Preferred_Tree "Preferred Tree" true true false 8000 Text 0 0,First,#,C:\Users\somaille\Blue Water Baltimore\Home - Documents\Forestry\GIS\FA22\FA22.gdb\FinalTreeGiveawayFA22,USER_Preferred_Tree,0,8000;USER_Tree_Order_Date "Tree Order Date" true true false 8 Date 0 0,First,#,C:\Users\somaille\Blue Water Baltimore\Home - Documents\Forestry\GIS\FA22\FA22.gdb\FinalTreeGiveawayFA22,USER_Tree_Order_Date,-1,-1;USER_Tree_Campaign "Tree Campaign" true true false 8000 Text 0 0,First,#,C:\Users\somaille\Blue Water Baltimore\Home - Documents\Forestry\GIS\FA22\FA22.gdb\FinalTreeGiveawayFA22,USER_Tree_Campaign,0,8000;USER_County "County" true true false 8000 Text 0 0,First,#,C:\Users\somaille\Blue Water Baltimore\Home - Documents\Forestry\GIS\FA22\FA22.gdb\FinalTreeGiveawayFA22,USER_County,0,8000;USER_St_Address "St_Address" true true false 8000 Text 0 0,First,#,C:\Users\somaille\Blue Water Baltimore\Home - Documents\Forestry\GIS\FA22\FA22.gdb\FinalTreeGiveawayFA22,USER_St_Address,0,8000;USER_City_1 "City_1" true true false 8000 Text 0 0,First,#,C:\Users\somaille\Blue Water Baltimore\Home - Documents\Forestry\GIS\FA22\FA22.gdb\FinalTreeGiveawayFA22,USER_City_1,0,8000;USER_State "State" true true false 8000 Text 0 0,First,#,C:\Users\somaille\Blue Water Baltimore\Home - Documents\Forestry\GIS\FA22\FA22.gdb\FinalTreeGiveawayFA22,USER_State,0,8000;USER_ZIP "ZIP" true true false 4 Long 0 0,First,#,C:\Users\somaille\Blue Water Baltimore\Home - Documents\Forestry\GIS\FA22\FA22.gdb\FinalTreeGiveawayFA22,USER_ZIP,-1,-1;USER_Contact__Phone "Contact: Phone" true true false 8000 Text 0 0,First,#,C:\Users\somaille\Blue Water Baltimore\Home - Documents\Forestry\GIS\FA22\FA22.gdb\FinalTreeGiveawayFA22,USER_Contact__Phone,0,8000;USER_Contact__Email "Contact: Email" true true false 8000 Text 0 0,First,#,C:\Users\somaille\Blue Water Baltimore\Home - Documents\Forestry\GIS\FA22\FA22.gdb\FinalTreeGiveawayFA22,USER_Contact__Email,0,8000;USER_Contact__First_Name "Contact: First Name" true true false 8000 Text 0 0,First,#,C:\Users\somaille\Blue Water Baltimore\Home - Documents\Forestry\GIS\FA22\FA22.gdb\FinalTreeGiveawayFA22,USER_Contact__First_Name,0,8000;USER_Contact__Last_Name "Contact: Last Name" true true false 8000 Text 0 0,First,#,C:\Users\somaille\Blue Water Baltimore\Home - Documents\Forestry\GIS\FA22\FA22.gdb\FinalTreeGiveawayFA22,USER_Contact__Last_Name,0,8000" #</Process></lineage><itemProps><itemName Sync="TRUE">FinalTreeGiveawayFA22</itemName><imsContentType Sync="TRUE">002</imsContentType><itemSize Sync="TRUE">0.000</itemSize><itemLocation><linkage Sync="TRUE">file://\\MJ0FDM8Q\C$\Users\somaille\Blue Water Baltimore\Home - Documents\Forestry\Tree_Giveaways\Data\2022_Data\FA2022\FinalTreeGiveawayFA22.shp</linkage><protocol Sync="TRUE">Local Area Network</protocol></itemLocation></itemProps><coordRef><type Sync="TRUE">Projected</type><geogcsn Sync="TRUE">GCS_WGS_1984</geogcsn><csUnits Sync="TRUE">Linear Unit: Meter (1.000000)</csUnits><projcsn Sync="TRUE">WGS_1984_Web_Mercator_Auxiliary_Sphere</projcsn><peXml Sync="TRUE">&lt;ProjectedCoordinateSystem xsi:type='typens:ProjectedCoordinateSystem' xmlns:xsi='http://www.w3.org/2001/XMLSchema-instance' xmlns:xs='http://www.w3.org/2001/XMLSchema' xmlns:typens='http://www.esri.com/schemas/ArcGIS/3.1.0'&gt;&lt;WKT&gt;PROJCS[&amp;quot;WGS_1984_Web_Mercator_Auxiliary_Sphere&amp;quot;,GEOGCS[&amp;quot;GCS_WGS_1984&amp;quot;,DATUM[&amp;quot;D_WGS_1984&amp;quot;,SPHEROID[&amp;quot;WGS_1984&amp;quot;,6378137.0,298.257223563]],PRIMEM[&amp;quot;Greenwich&amp;quot;,0.0],UNIT[&amp;quot;Degree&amp;quot;,0.0174532925199433]],PROJECTION[&amp;quot;Mercator_Auxiliary_Sphere&amp;quot;],PARAMETER[&amp;quot;False_Easting&amp;quot;,0.0],PARAMETER[&amp;quot;False_Northing&amp;quot;,0.0],PARAMETER[&amp;quot;Central_Meridian&amp;quot;,0.0],PARAMETER[&amp;quot;Standard_Parallel_1&amp;quot;,0.0],PARAMETER[&amp;quot;Auxiliary_Sphere_Type&amp;quot;,0.0],UNIT[&amp;quot;Meter&amp;quot;,1.0],AUTHORITY[&amp;quot;EPSG&amp;quot;,3857]]&lt;/WKT&gt;&lt;XOrigin&gt;-20037700&lt;/XOrigin&gt;&lt;YOrigin&gt;-30241100&lt;/YOrigin&gt;&lt;XYScale&gt;148923141.92838538&lt;/XYScale&gt;&lt;ZOrigin&gt;-100000&lt;/ZOrigin&gt;&lt;ZScale&gt;10000&lt;/ZScale&gt;&lt;MOrigin&gt;-100000&lt;/MOrigin&gt;&lt;MScale&gt;10000&lt;/MScale&gt;&lt;XYTolerance&gt;0.001&lt;/XYTolerance&gt;&lt;ZTolerance&gt;0.001&lt;/ZTolerance&gt;&lt;MTolerance&gt;0.001&lt;/MTolerance&gt;&lt;HighPrecision&gt;true&lt;/HighPrecision&gt;&lt;WKID&gt;102100&lt;/WKID&gt;&lt;LatestWKID&gt;3857&lt;/LatestWKID&gt;&lt;/ProjectedCoordinateSystem&gt;</peXml></coordRef></DataProperties><SyncDate>20240209</SyncDate><SyncTime>15452000</SyncTime><ModDate>20240209</ModDate><ModTime>15452000</ModTime></Esri><dataIdInfo><envirDesc Sync="TRUE">Microsoft Windows 10 Version 10.0 (Build 22621) ; Esri ArcGIS 13.1.2.41833</envirDesc><dataLang><languageCode value="eng" Sync="TRUE"></languageCode><countryCode value="USA" Sync="TRUE"></countryCode></dataLang><idCitation><resTitle Sync="TRUE">FinalTreeGiveawayFA22</resTitle><presForm><PresFormCd value="005" Sync="TRUE"></PresFormCd></presForm></idCitation><spatRpType><SpatRepTypCd value="001" Sync="TRUE"></SpatRepTypCd></spatRpType></dataIdInfo><mdLang><languageCode value="eng" Sync="TRUE"></languageCode><countryCode value="USA" Sync="TRUE"></countryCode></mdLang><distInfo><distFormat><formatName Sync="TRUE">Shapefile</formatName></distFormat><distTranOps><transSize Sync="TRUE">0.000</transSize></distTranOps></distInfo><mdHrLv><ScopeCd value="005" Sync="TRUE"></ScopeCd></mdHrLv><mdHrLvName Sync="TRUE">dataset</mdHrLvName><refSysInfo><RefSystem><refSysID><identCode code="3857" Sync="TRUE"></identCode><idCodeSpace Sync="TRUE">EPSG</idCodeSpace><idVersion Sync="TRUE">6.18.3(9.3.1.2)</idVersion></refSysID></RefSystem></refSysInfo><spatRepInfo><VectSpatRep><geometObjs Name="FinalTreeGiveawayFA22"><geoObjTyp><GeoObjTypCd value="004" Sync="TRUE"></GeoObjTypCd></geoObjTyp><geoObjCnt Sync="TRUE">0</geoObjCnt></geometObjs><topLvl><TopoLevCd value="001" Sync="TRUE"></TopoLevCd></topLvl></VectSpatRep></spatRepInfo><spdoinfo><ptvctinf><esriterm Name="FinalTreeGiveawayFA22"><efeatyp Sync="TRUE">Simple</efeatyp><efeageom code="1" Sync="TRUE"></efeageom><esritopo Sync="TRUE">FALSE</esritopo><efeacnt Sync="TRUE">0</efeacnt><spindex Sync="TRUE">FALSE</spindex><linrefer Sync="TRUE">FALSE</linrefer></esriterm></ptvctinf></spdoinfo><eainfo><detailed Name="FinalTreeGiveawayFA22"><enttyp><enttypl Sync="TRUE">FinalTreeGiveawayFA22</enttypl><enttypt Sync="TRUE">Feature Class</enttypt><enttypc Sync="TRUE">0</enttypc></enttyp><attr><attrlabl Sync="TRUE">FID</attrlabl><attalias Sync="TRUE">FID</attalias><attrtype Sync="TRUE">OID</attrtype><attwidth Sync="TRUE">4</attwidth><atprecis Sync="TRUE">0</atprecis><attscale Sync="TRUE">0</attscale><attrdef Sync="TRUE">Internal feature number.</attrdef><attrdefs Sync="TRUE">Esri</attrdefs><attrdomv><udom Sync="TRUE">Sequential unique whole numbers that are automatically generated.</udom></attrdomv></attr><attr><attrlabl Sync="TRUE">Shape</attrlabl><attalias Sync="TRUE">Shape</attalias><attrtype Sync="TRUE">Geometry</attrtype><attwidth Sync="TRUE">0</attwidth><atprecis Sync="TRUE">0</atprecis><attscale Sync="TRUE">0</attscale><attrdef Sync="TRUE">Feature geometry.</attrdef><attrdefs Sync="TRUE">Esri</attrdefs><attrdomv><udom Sync="TRUE">Coordinates defining the features.</udom></attrdomv></attr><attr><attrlabl Sync="TRUE">Score</attrlabl><attalias Sync="TRUE">Score</attalias><attrtype Sync="TRUE">Double</attrtype><attwidth Sync="TRUE">19</attwidth><atprecis Sync="TRUE">0</atprecis><attscale Sync="TRUE">0</attscale></attr><attr><attrlabl Sync="TRUE">Match_type</attrlabl><attalias Sync="TRUE">Match_type</attalias><attrtype Sync="TRUE">String</attrtype><attwidth Sync="TRUE">2</attwidth><atprecis Sync="TRUE">0</atprecis><attscale Sync="TRUE">0</attscale></attr><attr><attrlabl Sync="TRUE">Match_addr</attrlabl><attalias Sync="TRUE">Match_addr</attalias><attrtype Sync="TRUE">String</attrtype><attwidth Sync="TRUE">120</attwidth><atprecis Sync="TRUE">0</atprecis><attscale Sync="TRUE">0</attscale></attr><attr><attrlabl Sync="TRUE">Addr_type</attrlabl><attalias Sync="TRUE">Addr_type</attalias><attrtype Sync="TRUE">String</attrtype><attwidth Sync="TRUE">20</attwidth><atprecis Sync="TRUE">0</atprecis><attscale Sync="TRUE">0</attscale></attr><attr><attrlabl Sync="TRUE">AddNum</attrlabl><attalias Sync="TRUE">AddNum</attalias><attrtype Sync="TRUE">String</attrtype><attwidth Sync="TRUE">12</attwidth><atprecis Sync="TRUE">0</atprecis><attscale Sync="TRUE">0</attscale></attr><attr><attrlabl Sync="TRUE">Side</attrlabl><attalias Sync="TRUE">Side</attalias><attrtype Sync="TRUE">String</attrtype><attwidth Sync="TRUE">1</attwidth><atprecis Sync="TRUE">0</atprecis><attscale Sync="TRUE">0</attscale></attr><attr><attrlabl Sync="TRUE">StPreDir</attrlabl><attalias Sync="TRUE">StPreDir</attalias><attrtype Sync="TRUE">String</attrtype><attwidth Sync="TRUE">20</attwidth><atprecis Sync="TRUE">0</atprecis><attscale Sync="TRUE">0</attscale></attr><attr><attrlabl Sync="TRUE">StPreType</attrlabl><attalias Sync="TRUE">StPreType</attalias><attrtype Sync="TRUE">String</attrtype><attwidth Sync="TRUE">20</attwidth><atprecis Sync="TRUE">0</atprecis><attscale Sync="TRUE">0</attscale></attr><attr><attrlabl Sync="TRUE">StName</attrlabl><attalias Sync="TRUE">StName</attalias><attrtype Sync="TRUE">String</attrtype><attwidth Sync="TRUE">70</attwidth><atprecis Sync="TRUE">0</atprecis><attscale Sync="TRUE">0</attscale></attr><attr><attrlabl Sync="TRUE">StType</attrlabl><attalias Sync="TRUE">StType</attalias><attrtype Sync="TRUE">String</attrtype><attwidth Sync="TRUE">20</attwidth><atprecis Sync="TRUE">0</atprecis><attscale Sync="TRUE">0</attscale></attr><attr><attrlabl Sync="TRUE">StDir</attrlabl><attalias Sync="TRUE">StDir</attalias><attrtype Sync="TRUE">String</attrtype><attwidth Sync="TRUE">20</attwidth><atprecis Sync="TRUE">0</atprecis><attscale Sync="TRUE">0</attscale></attr><attr><attrlabl Sync="TRUE">StAddr</attrlabl><attalias Sync="TRUE">StAddr</attalias><attrtype Sync="TRUE">String</attrtype><attwidth Sync="TRUE">120</attwidth><atprecis Sync="TRUE">0</atprecis><attscale Sync="TRUE">0</attscale></attr><attr><attrlabl Sync="TRUE">City</attrlabl><attalias Sync="TRUE">City</attalias><attrtype Sync="TRUE">String</attrtype><attwidth Sync="TRUE">70</attwidth><atprecis Sync="TRUE">0</atprecis><attscale Sync="TRUE">0</attscale></attr><attr><attrlabl Sync="TRUE">County</attrlabl><attalias Sync="TRUE">County</attalias><attrtype Sync="TRUE">String</attrtype><attwidth Sync="TRUE">70</attwidth><atprecis Sync="TRUE">0</atprecis><attscale Sync="TRUE">0</attscale></attr><attr><attrlabl Sync="TRUE">State</attrlabl><attalias Sync="TRUE">State</attalias><attrtype Sync="TRUE">String</attrtype><attwidth Sync="TRUE">100</attwidth><atprecis Sync="TRUE">0</atprecis><attscale Sync="TRUE">0</attscale></attr><attr><attrlabl Sync="TRUE">StateAbbr</attrlabl><attalias Sync="TRUE">StateAbbr</attalias><attrtype Sync="TRUE">String</attrtype><attwidth Sync="TRUE">100</attwidth><atprecis Sync="TRUE">0</atprecis><attscale Sync="TRUE">0</attscale></attr><attr><attrlabl Sync="TRUE">ZIP</attrlabl><attalias Sync="TRUE">ZIP</attalias><attrtype Sync="TRUE">String</attrtype><attwidth Sync="TRUE">10</attwidth><atprecis Sync="TRUE">0</atprecis><attscale Sync="TRUE">0</attscale></attr><attr><attrlabl Sync="TRUE">ZIP4</attrlabl><attalias Sync="TRUE">ZIP4</attalias><attrtype Sync="TRUE">String</attrtype><attwidth Sync="TRUE">10</attwidth><atprecis Sync="TRUE">0</atprecis><attscale Sync="TRUE">0</attscale></attr><attr><attrlabl Sync="TRUE">X</attrlabl><attalias Sync="TRUE">X</attalias><attrtype Sync="TRUE">Double</attrtype><attwidth Sync="TRUE">19</attwidth><atprecis Sync="TRUE">0</atprecis><attscale Sync="TRUE">0</attscale></attr><attr><attrlabl Sync="TRUE">Y</attrlabl><attalias Sync="TRUE">Y</attalias><attrtype Sync="TRUE">Double</attrtype><attwidth Sync="TRUE">19</attwidth><atprecis Sync="TRUE">0</atprecis><attscale Sync="TRUE">0</attscale></attr><attr><attrlabl Sync="TRUE">DisplayX</attrlabl><attalias Sync="TRUE">DisplayX</attalias><attrtype Sync="TRUE">Double</attrtype><attwidth Sync="TRUE">19</attwidth><atprecis Sync="TRUE">0</atprecis><attscale Sync="TRUE">0</attscale></attr><attr><attrlabl Sync="TRUE">DisplayY</attrlabl><attalias Sync="TRUE">DisplayY</attalias><attrtype Sync="TRUE">Double</attrtype><attwidth Sync="TRUE">19</attwidth><atprecis Sync="TRUE">0</atprecis><attscale Sync="TRUE">0</attscale></attr><attr><attrlabl Sync="TRUE">Xmin</attrlabl><attalias Sync="TRUE">Xmin</attalias><attrtype Sync="TRUE">Double</attrtype><attwidth Sync="TRUE">19</attwidth><atprecis Sync="TRUE">0</atprecis><attscale Sync="TRUE">0</attscale></attr><attr><attrlabl Sync="TRUE">Xmax</attrlabl><attalias Sync="TRUE">Xmax</attalias><attrtype Sync="TRUE">Double</attrtype><attwidth Sync="TRUE">19</attwidth><atprecis Sync="TRUE">0</atprecis><attscale Sync="TRUE">0</attscale></attr><attr><attrlabl Sync="TRUE">Ymin</attrlabl><attalias Sync="TRUE">Ymin</attalias><attrtype Sync="TRUE">Double</attrtype><attwidth Sync="TRUE">19</attwidth><atprecis Sync="TRUE">0</atprecis><attscale Sync="TRUE">0</attscale></attr><attr><attrlabl Sync="TRUE">Ymax</attrlabl><attalias Sync="TRUE">Ymax</attalias><attrtype Sync="TRUE">Double</attrtype><attwidth Sync="TRUE">19</attwidth><atprecis Sync="TRUE">0</atprecis><attscale Sync="TRUE">0</attscale></attr><attr><attrlabl Sync="TRUE">Status</attrlabl><attalias Sync="TRUE">Status</attalias><attrtype Sync="TRUE">String</attrtype><attwidth Sync="TRUE">1</attwidth><atprecis Sync="TRUE">0</atprecis><attscale Sync="TRUE">0</attscale></attr><attr><attrlabl Sync="TRUE">IN_Street</attrlabl><attalias Sync="TRUE">IN_Street</attalias><attrtype Sync="TRUE">String</attrtype><attwidth Sync="TRUE">100</attwidth><atprecis Sync="TRUE">0</atprecis><attscale Sync="TRUE">0</attscale></attr><attr><attrlabl Sync="TRUE">IN_City</attrlabl><attalias Sync="TRUE">IN_City</attalias><attrtype Sync="TRUE">String</attrtype><attwidth Sync="TRUE">40</attwidth><atprecis Sync="TRUE">0</atprecis><attscale Sync="TRUE">0</attscale></attr><attr><attrlabl Sync="TRUE">IN_State</attrlabl><attalias Sync="TRUE">IN_State</attalias><attrtype Sync="TRUE">String</attrtype><attwidth Sync="TRUE">100</attwidth><atprecis Sync="TRUE">0</atprecis><attscale Sync="TRUE">0</attscale></attr><attr><attrlabl Sync="TRUE">IN_ZIP</attrlabl><attalias Sync="TRUE">IN_ZIP</attalias><attrtype Sync="TRUE">String</attrtype><attwidth Sync="TRUE">10</attwidth><atprecis Sync="TRUE">0</atprecis><attscale Sync="TRUE">0</attscale></attr><attr><attrlabl Sync="TRUE">USER_Tree_</attrlabl><attalias Sync="TRUE">USER_Tree_</attalias><attrtype Sync="TRUE">String</attrtype><attwidth Sync="TRUE">254</attwidth><atprecis Sync="TRUE">0</atprecis><attscale Sync="TRUE">0</attscale></attr><attr><attrlabl Sync="TRUE">USER_Prefe</attrlabl><attalias Sync="TRUE">USER_Prefe</attalias><attrtype Sync="TRUE">String</attrtype><attwidth Sync="TRUE">254</attwidth><atprecis Sync="TRUE">0</atprecis><attscale Sync="TRUE">0</attscale></attr><attr><attrlabl Sync="TRUE">USER_Tree1</attrlabl><attalias Sync="TRUE">USER_Tree1</attalias><attrtype Sync="TRUE">Date</attrtype><attwidth Sync="TRUE">8</attwidth><atprecis Sync="TRUE">0</atprecis><attscale Sync="TRUE">0</attscale></attr><attr><attrlabl Sync="TRUE">USER_Tre_1</attrlabl><attalias Sync="TRUE">USER_Tre_1</attalias><attrtype Sync="TRUE">String</attrtype><attwidth Sync="TRUE">254</attwidth><atprecis Sync="TRUE">0</atprecis><attscale Sync="TRUE">0</attscale></attr><attr><attrlabl Sync="TRUE">USER_Count</attrlabl><attalias Sync="TRUE">USER_Count</attalias><attrtype Sync="TRUE">String</attrtype><attwidth Sync="TRUE">254</attwidth><atprecis Sync="TRUE">0</atprecis><attscale Sync="TRUE">0</attscale></attr><attr><attrlabl Sync="TRUE">USER_St_Ad</attrlabl><attalias Sync="TRUE">USER_St_Ad</attalias><attrtype Sync="TRUE">String</attrtype><attwidth Sync="TRUE">254</attwidth><atprecis Sync="TRUE">0</atprecis><attscale Sync="TRUE">0</attscale></attr><attr><attrlabl Sync="TRUE">USER_City_</attrlabl><attalias Sync="TRUE">USER_City_</attalias><attrtype Sync="TRUE">String</attrtype><attwidth Sync="TRUE">254</attwidth><atprecis Sync="TRUE">0</atprecis><attscale Sync="TRUE">0</attscale></attr><attr><attrlabl Sync="TRUE">USER_State</attrlabl><attalias Sync="TRUE">USER_State</attalias><attrtype Sync="TRUE">String</attrtype><attwidth Sync="TRUE">254</attwidth><atprecis Sync="TRUE">0</atprecis><attscale Sync="TRUE">0</attscale></attr><attr><attrlabl Sync="TRUE">USER_ZIP</attrlabl><attalias Sync="TRUE">USER_ZIP</attalias><attrtype Sync="TRUE">Integer</attrtype><attwidth Sync="TRUE">10</attwidth><atprecis Sync="TRUE">10</atprecis><attscale Sync="TRUE">0</attscale></attr><attr><attrlabl Sync="TRUE">USER_Conta</attrlabl><attalias Sync="TRUE">USER_Conta</attalias><attrtype Sync="TRUE">String</attrtype><attwidth Sync="TRUE">254</attwidth><atprecis Sync="TRUE">0</atprecis><attscale Sync="TRUE">0</attscale></attr><attr><attrlabl Sync="TRUE">USER_Con_1</attrlabl><attalias Sync="TRUE">USER_Con_1</attalias><attrtype Sync="TRUE">String</attrtype><attwidth Sync="TRUE">254</attwidth><atprecis Sync="TRUE">0</atprecis><attscale Sync="TRUE">0</attscale></attr><attr><attrlabl Sync="TRUE">USER_Con_2</attrlabl><attalias Sync="TRUE">USER_Con_2</attalias><attrtype Sync="TRUE">String</attrtype><attwidth Sync="TRUE">254</attwidth><atprecis Sync="TRUE">0</atprecis><attscale Sync="TRUE">0</attscale></attr><attr><attrlabl Sync="TRUE">USER_Con_3</attrlabl><attalias Sync="TRUE">USER_Con_3</attalias><attrtype Sync="TRUE">String</attrtype><attwidth Sync="TRUE">254</attwidth><atprecis Sync="TRUE">0</atprecis><attscale Sync="TRUE">0</attscale></attr></detailed></eainfo><mdDateSt Sync="TRUE">20240209</mdDateSt></metadata>
